{"AnomalyScore":0.844229,"RegionArea":10338.0,"MaxVal":0.844229,"RegionCount":5.0,"Burn-Through":0.995724,"Good":0.004276,"Lack of Fusion":0.0,"Off Position":0.0,"Other":0.0,"Presence":0.0,"Skip-Discontinuity":0.0,"Splatter":0.0,"Surface Porosity":0.0,"Weld Length":0.0,"CL_ConfMax":0.995724,"CL_ConfMargin":0.991448,"Row1":98.829659,"Col1":63.940956,"Row2":152.524567,"Col2":199.378845,"OD1_ClassID":1.0,"OD1_Conf":0.578519,"OD1_Cx":131.659901,"OD1_Cy":125.677113,"OD1_W":135.437889,"OD1_H":53.694908}